athleteID,TGFeventCount
3751343,76
7261393,73
4027360,68
4027369,67
5496600,67
5581954,65
7266742,64
7296842,64
7261421,64
38413,64
2795870,61
7258579,60
1682794,60
6233941,59
3333447,59
7593768,58
7591594,58
7585948,57
1721012,57
7264639,57
1567629,56
3594099,55
957253,55
2913646,55
965265,54
7325850,54
7094386,54
5496724,54
1184744,53
623469,53
7400600,53
1319729,53
4026372,52
3703639,52
644892,51
1997778,50
4233993,50
7280693,50
7310158,49
5048211,49
4026361,49
7318536,48
7566683,48
906196,48
7383189,48
7263711,47
7249906,46
3365922,45
7594530,44
830834,44
7337511,44
6235710,44
7115299,43
675103,43
2756412,43
2797125,43
7400592,43
7258456,42
5594045,42
4132547,42
7348428,41
4000774,41
7536590,41
1375385,41
3243911,40
5958729,40
154203,40
2689808,40
7615442,39
142340,39
1778451,39
3820292,39
4321134,38
382784,38
7288087,38
2797159,38
7391488,37
7586708,36
1044014,36
4805058,36
7928769,36
7065121,35
7502272,35
396238,35
1919907,34
7246960,34
7716291,34
2110880,34
451630,34
2771266,34
4430197,33
3658381,33
1788386,33
3841591,33
653437,33
7252794,33
1318271,33
7311441,33
622142,33
7093439,32
1156829,32
2545774,32
4519485,32
3364146,32
2201075,31
7286577,31
2605360,31
4524487,31
3025957,31
2804118,30
3913456,30
911108,30
7257103,30
3856243,30
462744,30
7115292,29
428799,29
3475698,29
1497022,29
5374651,29
547112,29
4422552,29
4645286,28
2647985,28
2166985,28
18362,28
7647185,28
4804460,28
7058412,27
5583386,27
915525,27
6051633,27
102043,27
7087297,27
1463256,27
5374591,27
3695560,27
7738029,27
5048490,26
7247705,26
2004438,26
1350137,26
4049145,25
668166,25
288397,25
7387799,25
986194,25
8000959,24
1206292,24
7272492,24
1822884,24
3777822,24
1213428,24
2545792,23
7311530,23
907368,23
2731763,23
125948,23
633637,23
6602328,23
5118542,23
7157963,23
7058354,23
973888,23
5458143,23
6178861,23
1382514,23
369179,23
2756495,23
451633,23
7726481,23
6251469,22
974064,22
460330,22
887588,22
3452059,22
6814045,22
3669997,22
5307594,22
5868412,22
3201004,22
1688127,22
405358,22
3838888,21
5801189,21
7311078,21
5383893,21
7487677,21
3707568,21
3535922,21
7948075,21
1249262,21
350973,20
5496772,20
7322911,20
7325303,20
1645302,20
2347183,20
5794504,20
7237724,20
1296224,20
7557291,20
1296286,20
2245880,20
3350853,20
8028525,20
5891988,19
7083984,19
7235261,19
6858320,19
369170,19
7277088,19
1556353,19
7274477,19
7419331,19
745112,19
7263584,19
1351374,19
1763840,19
5969293,19
1105880,19
4771361,19
7003015,18
412405,18
7273023,18
241035,18
1669671,18
746610,18
4174259,18
3045791,18
2087275,18
244723,18
3041721,18
4820255,17
3590151,17
6870215,17
7118841,17
4321124,17
1359103,17
7793247,17
8007536,17
10053,17
7357325,17
1457074,17
2153183,17
1940329,17
3108789,17
763437,16
7334379,16
4234682,16
7507838,16
1016130,16
3142502,16
663015,16
1617421,16
4098715,16
4100234,16
7397075,16
705248,16
7251770,16
7535882,16
3006460,15
1089893,15
5153648,15
2782859,15
7530667,15
1302781,15
877148,15
1842981,15
4578601,15
5917180,15
1446196,15
7261620,15
7302937,15
2714600,15
7288445,15
746625,15
898270,15
7419361,14
3837607,14
1457077,14
7200324,14
8293829,14
283639,14
1741539,14
723422,14
2207744,14
6634197,14
2032499,14
7299072,14
3041758,14
7266753,14
7419139,14
2006833,14
1016138,14
71646,14
4299622,14
7547108,14
7033501,13
7274524,13
7328674,13
7611235,13
2373603,13
7136858,13
7087783,13
431508,13
7309598,13
708943,13
3644036,13
4167607,13
8278367,13
4231429,13
1313471,13
652226,13
7325126,13
2290668,13
3228569,13
5906284,13
454108,13
1217307,13
7260954,13
523110,13
954031,13
5198206,12
7092350,12
3448475,12
7814707,12
3969433,12
8293779,12
462747,12
2305199,12
1000923,12
1028698,12
1170242,12
1997695,12
4730100,12
779894,12
3531372,12
7400702,12
789323,12
644652,12
1457065,12
5187348,12
2906594,12
4478798,12
7389622,12
4081939,12
7301594,12
5577037,12
7942792,12
262853,12
1884241,12
14585,12
2873855,12
387541,12
7228726,12
7951666,11
5239854,11
5794545,11
7460043,11
1439430,11
4671217,11
2072550,11
2698354,11
7472009,11
5310193,11
6395356,11
7255596,11
1334086,11
2237226,11
6712832,11
697999,11
1256160,11
1895494,11
3615779,11
298135,11
7433673,11
6367568,11
6727006,11
17821,11
4076715,11
7314968,11
4109542,11
7145462,11
370860,11
1866539,11
4241985,11
258780,11
1848035,11
7118882,10
7491020,10
6181051,10
789298,10
3360416,10
943938,10
1481167,10
2007965,10
2071102,10
7106381,10
7325232,10
1104368,10
3695091,10
1199647,10
7294347,10
4104325,10
4581516,10
1196089,10
7329926,10
1916018,10
3324675,10
1894702,10
90672,10
189225,10
2975778,10
4352747,10
5736645,10
1895377,10
754703,10
629115,10
673198,10
4267874,10
1160123,10
1825402,10
2043941,10
6976050,10
7521271,10
4586589,9
5727349,9
2838077,9
3594108,9
7588967,9
8473744,9
7183057,9
7306446,9
3777648,9
6665676,9
7179790,9
7298770,9
7765540,9
1882929,9
7379378,9
1887848,9
7444406,9
7136831,9
7241386,9
7531938,9
8492494,9
406066,9
4109422,9
6389939,9
8275592,9
627034,9
3803200,9
7287275,9
7810897,9
5337524,9
4190992,9
6825350,9
7475144,9
1825406,9
7256879,9
738089,9
7293112,9
7117223,9
3154329,9
1175955,9
614239,9
3910725,9
5146927,9
3957142,9
739704,9
968442,9
4420041,9
4333142,9
574971,9
3806581,9
4928607,8
7310076,8
7357348,8
7469350,8
4234696,8
3388094,8
7619639,8
5620845,8
674857,8
724313,8
1457284,8
3933446,8
4902632,8
587899,8
5215721,8
7269338,8
8172212,8
1156647,8
5501617,8
86299,8
1786540,8
7329690,8
640899,8
2362425,8
7379736,8
7422503,8
7766173,8
180134,8
232585,8
837518,8
1347755,8
1936294,8
2817443,8
3981903,8
8121132,8
1868086,8
2838056,8
7382394,8
136783,8
251185,8
1139286,8
692086,8
2945608,8
5130523,8
6471899,8
263612,8
3973419,8
1762595,8
4494146,8
7352033,8
915918,8
1142674,8
3680998,8
5532375,8
575426,8
1936020,8
3762572,8
4853993,8
6505508,8
136782,8
3686365,8
5245723,8
6020372,8
7265899,8
7449259,8
4313110,8
7268084,8
192940,8
8334204,8
653441,8
7283375,7
3005002,7
5528612,7
7465798,7
2853157,7
7904017,7
8106404,7
676949,7
2981419,7
5743707,7
8360751,7
1918759,7
2002415,7
2469163,7
1774174,7
3671410,7
7119635,7
1958371,7
2892220,7
6780845,7
3086329,7
4788322,7
6213611,7
6435547,7
7256014,7
7302245,7
7914261,7
8137997,7
2432391,7
2670234,7
142846,7
955509,7
2418865,7
5146891,7
7502033,7
954606,7
7935863,7
3290113,7
7978861,7
763964,7
1010853,7
1783519,7
748840,7
2178200,7
2722151,7
5078025,7
6939439,7
746650,7
784371,7
1497268,7
3240284,7
7355294,7
7435536,7
776650,7
2600200,7
4574353,7
5826267,7
7955696,7
8188540,7
5155511,7
5990446,7
7295215,7
7484228,7
3337506,7
7475050,7
7707410,7
430923,7
5130537,7
45857,7
1194844,7
8138014,6
3532035,6
4148131,6
7033504,6
7427124,6
7311903,6
3870482,6
7368455,6
8316643,6
7948136,6
3898107,6
4793221,6
3403738,6
45938,6
2876016,6
1149319,6
1473857,6
1871183,6
7273908,6
7575797,6
7828185,6
254293,6
3145062,6
117629,6
232165,6
724308,6
5093498,6
5877832,6
201304,6
1337757,6
2790591,6
3062925,6
7614360,6
2169164,6
3239113,6
5486964,6
670321,6
785833,6
2074969,6
2773360,6
2925878,6
3239435,6
4371130,6
7613036,6
745498,6
1036547,6
3685054,6
7127136,6
251409,6
1267955,6
2777805,6
7322736,6
7880705,6
7889692,6
8239384,6
158640,6
7649906,6
7739592,6
1145040,6
1421222,6
3583600,6
7968939,6
764600,6
709058,6
1709166,6
2144741,6
4052105,6
4210137,6
6504223,6
7286276,6
1144224,6
1274523,6
2668068,6
5569793,6
8459339,6
3564207,6
4338654,6
6424738,6
6993640,6
7252802,6
684416,6
781331,6
1054824,6
1082790,6
1175684,6
1606787,6
1844316,6
4365449,6
5700720,6
1328841,6
2455534,6
3772853,6
5282652,6
5499824,6
5580186,6
404896,6
771146,6
8024466,6
8570018,6
8615011,6
3213341,5
5850748,5
6961938,5
3406059,5
3565706,5
5310833,5
7451243,5
8138011,5
8284165,5
3077818,5
7146706,5
7210386,5
154202,5
1377491,5
7942441,5
1922875,5
3751516,5
6095798,5
7359722,5
7365490,5
7601228,5
7851749,5
171675,5
1250443,5
1351684,5
3686546,5
3692163,5
4858528,5
5694177,5
6134604,5
6602443,5
7422508,5
1016146,5
1835000,5
3291897,5
3726626,5
4067306,5
6216314,5
6863979,5
8397656,5
408792,5
671370,5
2727361,5
7603061,5
979296,5
1180967,5
1457006,5
2109130,5
2442691,5
4292669,5
5273488,5
6079933,5
7115750,5
753480,5
980310,5
2934755,5
7207986,5
7330662,5
7667861,5
1447833,5
2048446,5
5104286,5
7325825,5
8202957,5
461984,5
635996,5
776373,5
994371,5
1323918,5
1652033,5
2177456,5
3130241,5
3301393,5
3993771,5
4101971,5
7313168,5
1726648,5
2011718,5
510213,5
2067391,5
4339410,5
5212773,5
5636300,5
6335965,5
7265913,5
532702,5
603915,5
2480118,5
7045314,5
7385808,5
4094221,5
654594,5
3711028,5
8461582,5
172392,5
723030,5
2711906,5
3260835,5
5083106,5
5294318,5
118477,5
695336,5
2091224,5
4567167,5
7915934,5
1947626,5
2036753,5
2208896,5
2379362,5
2649041,5
2697119,5
4075302,5
4173562,5
7420284,5
7861017,5
7958452,5
281071,5
736912,5
3586789,5
5553773,5
6020603,5
7293118,5
585675,5
678679,5
2738931,5
603635,5
5617641,5
8353240,5
7988556,5
8589648,5
6365575,5
7220202,4
7633398,4
7981163,4
2668146,4
4630474,4
5168474,4
7234892,4
7300568,4
7411698,4
3239145,4
6494640,4
6895897,4
568300,4
1757886,4
6460785,4
6717491,4
6730884,4
6818025,4
7922041,4
8054975,4
424353,4
689604,4
743037,4
956294,4
1108757,4
1468233,4
3161971,4
6204433,4
6857765,4
7271684,4
1481963,4
7453485,4
302931,4
549133,4
4267669,4
7476318,4
3167917,4
3215472,4
4060365,4
7160382,4
7343408,4
7359708,4
275830,4
1224607,4
1829988,4
1066958,4
2068137,4
2679482,4
3506497,4
3769861,4
3804760,4
4685342,4
4702563,4
5181493,4
6289086,4
7257160,4
8230036,4
8326241,4
231999,4
420534,4
628872,4
1215866,4
3334942,4
3773406,4
7300673,4
7442932,4
179690,4
434268,4
1030314,4
1671341,4
2127164,4
2722182,4
2834839,4
2926459,4
2988100,4
3739527,4
5632402,4
5928975,4
6526077,4
7072727,4
7601037,4
20890,4
423142,4
1797828,4
2379350,4
2509006,4
5114027,4
6079955,4
6129004,4
7659238,4
154049,4
1522885,4
2079573,4
3399096,4
4320477,4
4526560,4
4657914,4
5370911,4
7458818,4
7985255,4
258411,4
565708,4
846371,4
1471375,4
3069759,4
5038666,4
5786640,4
5888084,4
7627777,4
7646811,4
7649533,4
148896,4
2447413,4
7788373,4
645983,4
724457,4
1674416,4
2346818,4
2622142,4
4979846,4
7112358,4
7382707,4
7975896,4
8311699,4
336534,4
702519,4
1910705,4
3077960,4
3408480,4
4323575,4
4422397,4
4630554,4
4808626,4
7197852,4
7261325,4
7412518,4
7484140,4
7601214,4
216450,4
245406,4
757708,4
827715,4
1684272,4
1762726,4
2822389,4
5309381,4
7265187,4
7300627,4
7418391,4
331171,4
348251,4
438491,4
642577,4
1625331,4
3463136,4
3870218,4
3886474,4
5855732,4
8069868,4
366288,4
973139,4
5034247,4
7226383,4
7265256,4
392479,4
750116,4
835784,4
1727023,4
2714496,4
1245690,4
8416226,4
1603684,4
7273804,4
7451613,4
8417259,4
5988383,4
3278213,3
5894150,3
6825311,3
7601117,3
8347034,3
8475640,3
3324204,3
6980471,3
7382719,3
7601089,3
3004550,3
3239760,3
7300312,3
7368629,3
7496052,3
7594842,3
7236250,3
7344846,3
5183674,3
7220173,3
3300534,3
7963125,3
7897079,3
7995312,3
387567,3
767986,3
933572,3
1342775,3
3073230,3
4724901,3
4742133,3
4789496,3
5641753,3
6504639,3
6870457,3
7277214,3
7400717,3
8129858,3
273534,3
964221,3
2472917,3
3617627,3
4008634,3
4290144,3
5172313,3
7444500,3
7523581,3
8439004,3
645988,3
387568,3
1788622,3
2418693,3
4606278,3
7425897,3
32373,3
1606445,3
1988685,3
2575802,3
2956621,3
3426953,3
7366316,3
7571738,3
158639,3
629645,3
955620,3
1132968,3
1612853,3
3113024,3
4050426,3
5015625,3
7050863,3
7262574,3
7368490,3
7486556,3
8056321,3
8193630,3
300959,3
477400,3
604310,3
782072,3
1556117,3
1743175,3
1999944,3
2766679,3
3311710,3
3524332,3
3975207,3
4046254,3
4069504,3
4864472,3
6108920,3
7353398,3
368311,3
678672,3
1690173,3
1719590,3
1877056,3
2080864,3
2800353,3
2889661,3
2900675,3
3078127,3
3488915,3
3962080,3
5084644,3
6385996,3
7054578,3
7207261,3
7256992,3
7300296,3
7436800,3
7749959,3
525004,3
863224,3
912928,3
1018518,3
1525269,3
2981200,3
4166158,3
4606199,3
5030453,3
5321953,3
7306516,3
7332334,3
7495408,3
7594829,3
8475638,3
333981,3
452861,3
606312,3
715643,3
1310257,3
2152689,3
2872607,3
3458241,3
3613754,3
4768043,3
5523974,3
6450527,3
1375473,3
1390355,3
1472890,3
1562255,3
2110410,3
2319897,3
5397292,3
6550342,3
7979250,3
52121,3
52213,3
200771,3
429290,3
637366,3
645705,3
1328824,3
1708478,3
3062467,3
3486139,3
4364663,3
4407341,3
5407211,3
6710907,3
57525,3
773513,3
1083316,3
2840090,3
4417160,3
4804331,3
7121932,3
304001,3
349986,3
4300210,3
352904,3
406442,3
508823,3
663566,3
1314716,3
1797791,3
2253926,3
3297071,3
3661740,3
4345017,3
5100225,3
5374804,3
5714575,3
5994300,3
7383386,3
7418594,3
7438290,3
7452344,3
7497086,3
7681385,3
8401709,3
8475635,3
8475981,3
193703,3
291036,3
352997,3
1013786,3
2342159,3
2457967,3
3055789,3
3535872,3
4403510,3
4581538,3
4961085,3
5363322,3
5552689,3
5727329,3
7004923,3
7061698,3
7496540,3
7531917,3
7532044,3
7833521,3
245896,3
642125,3
803094,3
1160713,3
1782948,3
2503000,3
3148933,3
3149722,3
4374625,3
6430315,3
7342022,3
7441067,3
7505294,3
7592114,3
601427,3
750734,3
787343,3
889477,3
1737048,3
1781254,3
1868070,3
1902246,3
2645515,3
2773377,3
3708443,3
6302607,3
7253924,3
7462605,3
7512275,3
7532521,3
7716177,3
8410222,3
32372,3
127185,3
648595,3
955686,3
1084998,3
1205257,3
3686305,3
6615402,3
7115757,3
7255736,3
7275741,3
7400433,3
7646806,3
7894356,3
7985265,3
258385,3
643365,3
952524,3
2348457,3
3005664,3
3022756,3
3669844,3
4838238,3
7028695,3
7521378,3
7646793,3
8047483,3
350542,3
470484,3
1096475,3
1264821,3
2091812,3
8397943,3
8685063,3
8569161,3
7197345,3
8554128,3
649594,3
955528,3
8550821,3
7582062,2
3406112,2
3520483,2
5385811,2
5767631,2
7287789,2
7304257,2
7502993,2
7531971,2
7602531,2
7890512,2
2958735,2
5894175,2
7300466,2
7383484,2
7443919,2
7449647,2
7532010,2
1595606,2
1954120,2
2670268,2
2814193,2
3430291,2
4106936,2
4661811,2
4749515,2
4809698,2
4937729,2
5336499,2
7269286,2
7890514,2
8117330,2
8361498,2
8477350,2
8513428,2
982375,2
5323772,2
7288864,2
7324178,2
8422325,2
1300245,2
1855992,2
2074543,2
2577754,2
3300553,2
4661886,2
5198218,2
7441056,2
7444510,2
7445996,2
7501817,2
1674206,2
3526847,2
4167627,2
8039526,2
8494344,2
1596917,2
199631,2
614413,2
733304,2
1527127,2
1818736,2
2031114,2
3946335,2
4998457,2
5700793,2
5754029,2
5851572,2
5917715,2
7301138,2
7511048,2
7891565,2
7913248,2
326765,2
613840,2
861279,2
1268311,2
1546293,2
2872891,2
3356204,2
4559133,2
5037601,2
5105108,2
5277063,2
5927588,2
6269392,2
6542419,2
6740247,2
7145314,2
7171929,2
7387369,2
7457737,2
7647610,2
7718612,2
8064823,2
153167,2
155416,2
240657,2
980767,2
1694321,2
1816836,2
1842058,2
2387820,2
2503973,2
2538099,2
4074483,2
4709075,2
6215650,2
7303344,2
7366100,2
7402337,2
7560414,2
1565833,2
627522,2
668155,2
688358,2
1977620,2
4479350,2
5292649,2
5644076,2
6288700,2
6928668,2
7509839,2
7717755,2
7826301,2
7827979,2
8346720,2
367572,2
1251244,2
3473283,2
3631341,2
3986509,2
4734451,2
5129005,2
5180463,2
5225079,2
5261278,2
5627192,2
6215627,2
7132796,2
7206097,2
7292732,2
7507530,2
7767116,2
7848627,2
8488534,2
32370,2
767891,2
806657,2
2069265,2
2842187,2
2857920,2
3532662,2
3815079,2
3934715,2
4572388,2
4853921,2
5223216,2
5584504,2
6853572,2
7286654,2
7437663,2
7682202,2
7794764,2
8057304,2
263619,2
646520,2
1026645,2
1456815,2
1485923,2
2785535,2
3901931,2
4147577,2
5293201,2
5711461,2
7177465,2
7228722,2
7557444,2
7579510,2
8024262,2
8049790,2
8074088,2
129336,2
188133,2
309339,2
398035,2
400810,2
503167,2
616484,2
707354,2
784734,2
850744,2
1103107,2
1365516,2
1569705,2
1865655,2
2185930,2
2321459,2
2472024,2
2514200,2
2640269,2
2872121,2
2947701,2
4543348,2
5028290,2
7404903,2
7502875,2
7633335,2
7998414,2
8401194,2
8473729,2
86024,2
158330,2
163359,2
726077,2
743921,2
863216,2
926359,2
941966,2
1038903,2
1114453,2
1219659,2
1271276,2
1454972,2
1484142,2
1878787,2
2012756,2
2069794,2
2913015,2
3794260,2
3970253,2
4040268,2
4101771,2
4382119,2
4633113,2
5239159,2
5550249,2
7059556,2
7087766,2
7120165,2
7265550,2
7345165,2
7414538,2
7496665,2
7532495,2
7767298,2
7919821,2
8292473,2
13846,2
143392,2
338405,2
357367,2
624445,2
673205,2
689629,2
759709,2
837173,2
1554168,2
1812789,2
1912832,2
1957219,2
1959499,2
2018049,2
2047176,2
3516098,2
4253674,2
5076838,2
5127431,2
7218212,2
7438895,2
7448208,2
8154327,2
197790,2
275946,2
276382,2
289368,2
295540,2
487892,2
523220,2
832241,2
835641,2
1295907,2
1307417,2
1736665,2
1872397,2
2218409,2
2313140,2
2536864,2
2693010,2
2889591,2
3573328,2
3886483,2
4422311,2
4582519,2
4794780,2
5601882,2
6569291,2
7361242,2
102345,2
410659,2
451623,2
581211,2
662566,2
729599,2
1132608,2
1166276,2
1440372,2
1510951,2
1552787,2
1974549,2
2078145,2
3508431,2
3630806,2
3725880,2
4200175,2
5248918,2
5556615,2
5960562,2
6202410,2
6278413,2
6482110,2
7856591,2
1380,2
129495,2
835657,2
1141358,2
3742583,2
4842413,2
5670989,2
6205121,2
234430,2
507041,2
1375807,2
1796910,2
3655834,2
5070131,2
7282038,2
7551591,2
204625,2
1469281,2
209392,2
218309,2
817456,2
825388,2
1017260,2
1252685,2
1719011,2
1753681,2
2135679,2
2153221,2
2714648,2
3269656,2
3315276,2
4089819,2
4147454,2
4593091,2
4784922,2
5601293,2
6769720,2
7235672,2
7248827,2
7262583,2
7273272,2
7292043,2
7294340,2
7398428,2
7453909,2
7652039,2
7844970,2
8031965,2
8064169,2
8064174,2
8077314,2
8279570,2
5269,2
248370,2
502088,2
1157019,2
1255334,2
1612412,2
1887008,2
1946010,2
2441325,2
2688574,2
3711169,2
5350128,2
5371271,2
5760751,2
5833283,2
6094313,2
7229841,2
7250677,2
7263058,2
7287758,2
7347856,2
8251997,2
8481774,2
89886,2
166293,2
171040,2
629509,2
662572,2
666866,2
698669,2
796012,2
1022371,2
1145813,2
1205122,2
1410388,2
1960715,2
2184414,2
2280387,2
3193734,2
3338233,2
3975734,2
4113096,2
4275346,2
4307197,2
5424907,2
5522681,2
6349820,2
6734304,2
6991183,2
7285099,2
7443923,2
7460045,2
8106418,2
369562,2
417407,2
648390,2
706396,2
832250,2
947963,2
1301122,2
1333369,2
1425568,2
1861447,2
1917216,2
1988640,2
2003984,2
2228682,2
2398561,2
3423311,2
3450961,2
3485998,2
3615051,2
3786810,2
3975630,2
4352501,2
4406770,2
6653399,2
7503561,2
7906111,2
8329656,2
1257,2
13845,2
175311,2
217390,2
239871,2
282303,2
307751,2
408720,2
755614,2
1018062,2
1434475,2
1462521,2
1530363,2
1789865,2
2473452,2
2779082,2
2790091,2
3153715,2
3472315,2
3516106,2
4080785,2
4401247,2
5397212,2
7041463,2
7085970,2
7254296,2
7471413,2
7889012,2
699745,2
728871,2
2087290,2
3108583,2
4628733,2
6419045,2
6786264,2
7412962,2
7501806,2
227467,2
1283515,2
3655858,2
6205128,2
2275728,2
4807603,2
5960187,2
8480658,2
8602849,2
8488016,2
2831702,2
7667691,2
8568186,2
2428333,2
7509566,2
8568001,2
1241779,2
8230946,2
1444308,2
8418369,2
8481298,2
8658362,2
2655455,2
4903643,2
8082003,2
2439241,2
8538140,2
157011,2
636990,2
3928885,2
4060972,2
696672,2
8548814,2
2968592,2
2117512,2
8665697,2
7924369,1
8047404,1
8278243,1
2074812,1
2178973,1
2673724,1
2985482,1
3384636,1
3509955,1
3721899,1
3761428,1
3838427,1
4960554,1
5115805,1
5170131,1
5258280,1
5371292,1
5408996,1
5427088,1
5599023,1
5680867,1
5816690,1
5905955,1
6056393,1
6098631,1
6549987,1
6940278,1
6947882,1
6966214,1
7220969,1
7262522,1
7267404,1
7309728,1
7324404,1
7369994,1
7425420,1
7426722,1
7428098,1
7437983,1
7442222,1
7442686,1
7444148,1
7444535,1
7446147,1
7448590,1
7449385,1
7450357,1
7498377,1
7631788,1
7671369,1
7985525,1
8237308,1
8237315,1
2621757,1
2819589,1
3038007,1
3430939,1
4059839,1
4100321,1
4716382,1
4995777,1
4995781,1
5021026,1
5308464,1
5719346,1
6243981,1
6497047,1
6852450,1
6887923,1
6943922,1
7203831,1
7337804,1
7370047,1
7419057,1
7440933,1
7444389,1
7444524,1
7444882,1
7445143,1
7449284,1
7449372,1
7450159,1
7451013,1
7463345,1
7503036,1
7790005,1
7814203,1
7912098,1
7917754,1
598769,1
724641,1
766322,1
1042574,1
1074822,1
1165935,1
1387403,1
1768270,1
1940078,1
2335451,1
2364330,1
2418845,1
2593808,1
2597575,1
2638730,1
2647332,1
2673714,1
2874603,1
2920473,1
3101331,1
3124539,1
3276911,1
3279387,1
3327108,1
3396939,1
3411130,1
3424968,1
3458431,1
3506474,1
3507573,1
3568683,1
3863079,1
4056694,1
4661868,1
5371286,1
5385825,1
5508628,1
5513117,1
5799892,1
5835124,1
5891685,1
6986511,1
7039846,1
7056494,1
7126338,1
7179570,1
7261693,1
7304248,1
7328952,1
7425406,1
7436336,1
7438758,1
7439980,1
7441026,1
7442024,1
7443090,1
7447197,1
7447787,1
7448795,1
7449422,1
7557700,1
7557784,1
7603220,1
7682159,1
7705493,1
7713584,1
7818946,1
8028113,1
8119979,1
8123299,1
305598,1
627819,1
1007778,1
1007788,1
1084460,1
1444676,1
1509834,1
1700033,1
1775163,1
2170270,1
2316079,1
2618574,1
2756536,1
4301985,1
4470678,1
5202258,1
5776919,1
5776921,1
6725227,1
7324966,1
7347885,1
7705409,1
1165933,1
1685146,1
1795296,1
1817752,1
1817767,1
2425149,1
3239178,1
3386347,1
3411128,1
3423516,1
3657743,1
4100309,1
4106487,1
4420990,1
4938934,1
5066217,1
5247140,1
5605200,1
5905455,1
6340784,1
6761660,1
7307958,1
7329134,1
7329139,1
7373996,1
7402751,1
7449553,1
7450257,1
7450565,1
7451857,1
7526388,1
7592121,1
7594849,1
7672444,1
8059113,1
8113398,1
8225594,1
781948,1
1022375,1
2076024,1
2364327,1
2545785,1
5990974,1
6314896,1
7491630,1
7496384,1
7570129,1
249077,1
436048,1
567302,1
890490,1
2582673,1
3366700,1
3543458,1
5522196,1
7496291,1
7941576,1
7964009,1
158157,1
223792,1
257350,1
273179,1
352277,1
585237,1
646898,1
993262,1
1125431,1
1259829,1
1381424,1
1558890,1
1876166,1
1889939,1
1900124,1
2042208,1
2220687,1
2229461,1
2404157,1
2704088,1
3443776,1
5065494,1
5108289,1
5277548,1
5546855,1
5569070,1
6274784,1
6450971,1
7282483,1
7400692,1
7437840,1
7452637,1
7476416,1
7789628,1
7895725,1
8380695,1
4468,1
87001,1
133559,1
181765,1
321104,1
371156,1
371735,1
399737,1
679112,1
825105,1
1193744,1
1489914,1
1519617,1
1698448,1
2048129,1
2263652,1
2885046,1
3112922,1
3303805,1
3335635,1
3423327,1
3564783,1
3769433,1
3782578,1
3907267,1
4179234,1
4194924,1
4197106,1
4457911,1
4806133,1
4837125,1
4874360,1
4970796,1
4976198,1
5136341,1
5223699,1
5257824,1
5387690,1
6082058,1
6420831,1
6442832,1
6474860,1
6523845,1
6537275,1
6752221,1
7090879,1
7092895,1
7103377,1
7280943,1
7281804,1
7299997,1
7310478,1
7316426,1
7379333,1
7422801,1
7449643,1
7470995,1
7504668,1
7533233,1
7544540,1
7574705,1
7582632,1
7607803,1
7658773,1
7659503,1
7711482,1
7742944,1
7787663,1
7821048,1
7832162,1
7872192,1
7896685,1
7991153,1
8053758,1
8346549,1
57368,1
123887,1
175393,1
209468,1
273543,1
331462,1
374713,1
628171,1
642166,1
683216,1
741742,1
819893,1
855904,1
976474,1
1020756,1
1091629,1
1126571,1
1151414,1
1346705,1
1387690,1
1444072,1
1483465,1
1541522,1
1595865,1
1710444,1
1978047,1
2046624,1
2177229,1
2218136,1
2306053,1
2357708,1
2423998,1
2502396,1
2521904,1
2528837,1
2667723,1
3125129,1
3262742,1
3386430,1
3387244,1
3390205,1
3414496,1
3494344,1
3577278,1
3784283,1
3792629,1
3890257,1
4027095,1
4148476,1
4192886,1
4370857,1
4539489,1
4693618,1
4731614,1
4755976,1
4805135,1
4843988,1
4937313,1
5125012,1
5221456,1
5245358,1
5252415,1
5303098,1
5560329,1
6498396,1
6862095,1
6996354,1
7072430,1
7143320,1
7145141,1
7165502,1
7213896,1
7249194,1
7272335,1
7275619,1
7285157,1
7422613,1
7443258,1
7542559,1
7619304,1
7708123,1
7959824,1
8307993,1
8333010,1
8334971,1
6512306,1
486886,1
656068,1
752789,1
755631,1
1296309,1
2050992,1
2110859,1
2158235,1
2185613,1
2232566,1
3091539,1
3732848,1
5487476,1
5783530,1
6207339,1
6247292,1
6393966,1
6728180,1
7091474,1
7091952,1
7173268,1
7178093,1
7214971,1
7215841,1
7298164,1
7314679,1
7490860,1
7499037,1
7565299,1
7569316,1
7592135,1
7782141,1
7799157,1
8025599,1
8028501,1
8079403,1
8099833,1
8105708,1
8164632,1
8262247,1
8341784,1
8383096,1
104917,1
139731,1
204556,1
214843,1
467244,1
557858,1
669021,1
907409,1
961722,1
1170320,1
1267959,1
1295879,1
1320499,1
1346224,1
1432904,1
1828661,1
1878622,1
2030630,1
2463971,1
2882133,1
3004998,1
3330525,1
3549549,1
3697049,1
3749133,1
4032522,1
4393871,1
4453106,1
4503306,1
4510385,1
4510726,1
4549159,1
4633185,1
4665284,1
5047544,1
5065225,1
5076352,1
5111544,1
5224901,1
5345404,1
5410771,1
5526840,1
5585184,1
5590433,1
5937755,1
6013873,1
6080291,1
6205045,1
6282854,1
6318056,1
6324284,1
6330916,1
6334120,1
6469381,1
6565079,1
6615506,1
6626733,1
6715542,1
6845462,1
7002801,1
7069568,1
7084264,1
7115959,1
7165560,1
7199411,1
7236074,1
7244344,1
7250783,1
7273712,1
7348308,1
7379303,1
7413294,1
7422376,1
7486732,1
7509915,1
7530264,1
7530851,1
7569557,1
7590254,1
7597145,1
7646692,1
7659510,1
7672300,1
7712165,1
7833720,1
7848552,1
7994673,1
8054345,1
229651,1
244446,1
301949,1
307534,1
329762,1
366055,1
367898,1
393664,1
477979,1
571908,1
572246,1
579746,1
625069,1
650990,1
656058,1
800233,1
843187,1
868914,1
961857,1
997054,1
998188,1
1172652,1
1293483,1
1350584,1
1604284,1
1651823,1
1809040,1
1867792,1
1888573,1
1957649,1
1966116,1
1978043,1
2037307,1
2116368,1
2210061,1
2291465,1
2538344,1
2862275,1
3243990,1
3298644,1
3629380,1
3665420,1
3733375,1
3975254,1
3996339,1
4055814,1
4131927,1
4169086,1
4346481,1
4587044,1
4853770,1
4867215,1
4937307,1
5018506,1
5125058,1
5539056,1
5560318,1
5570624,1
5577114,1
5782426,1
6635555,1
6761672,1
6854357,1
6939486,1
7058480,1
7069052,1
7069805,1
7086022,1
7129718,1
7143229,1
7179531,1
7205407,1
7215330,1
7230791,1
7273692,1
7279709,1
7322853,1
7364320,1
7445140,1
7509952,1
7516669,1
7570295,1
7638257,1
7658766,1
7667561,1
7670841,1
7713395,1
8078039,1
8131160,1
8149152,1
8342222,1
8350422,1
8399600,1
8466786,1
8524667,1
131507,1
158544,1
192606,1
266355,1
301945,1
334942,1
346574,1
375192,1
491751,1
506589,1
550282,1
579115,1
647429,1
651699,1
663187,1
670811,1
748310,1
784164,1
788360,1
813817,1
943993,1
957806,1
1088989,1
1122326,1
1172874,1
1219372,1
1254567,1
1320168,1
1361069,1
1412180,1
1436283,1
1507811,1
1536427,1
1680748,1
1697619,1
1741127,1
1777664,1
1809193,1
1998534,1
2039493,1
2127126,1
2203145,1
2232902,1
2386911,1
2416606,1
2463018,1
2501751,1
2524544,1
2628988,1
2854344,1
2871382,1
2966083,1
3040586,1
3130077,1
3344610,1
3357267,1
3393293,1
3580246,1
3611309,1
3721892,1
3903882,1
4004290,1
4058169,1
4073676,1
4160072,1
4169883,1
4346901,1
4351274,1
4400855,1
4544029,1
4576941,1
4663271,1
4719157,1
4768970,1
4795467,1
4815204,1
5252548,1
5333022,1
5406338,1
5813397,1
6287593,1
6463167,1
6775470,1
7083341,1
7164113,1
7307216,1
7347997,1
7355749,1
7403462,1
7437917,1
7461611,1
7489720,1
7503331,1
7539223,1
7642431,1
7726001,1
7737400,1
7808319,1
7884522,1
7946325,1
8018766,1
8055147,1
8173255,1
8219161,1
8231191,1
482,1
15372,1
21876,1
25329,1
39824,1
61842,1
80292,1
82650,1
131464,1
132324,1
132792,1
134417,1
143695,1
157980,1
186496,1
199223,1
200766,1
206846,1
207273,1
215485,1
217396,1
219827,1
220905,1
275912,1
302373,1
316947,1
331690,1
341516,1
363397,1
382456,1
392196,1
404378,1
454289,1
477834,1
547539,1
551437,1
556789,1
563593,1
719494,1
725040,1
741304,1
742170,1
742257,1
750613,1
753314,1
761037,1
843030,1
870915,1
908041,1
986400,1
1016154,1
1032359,1
1072166,1
1119356,1
1157014,1
1162303,1
1169675,1
1186054,1
1233884,1
1242934,1
1320500,1
1326692,1
1363024,1
1471059,1
1482899,1
1516050,1
1583164,1
1606505,1
1612414,1
1615798,1
1685148,1
1753614,1
1798665,1
2006977,1
2114092,1
2415658,1
2416932,1
2468094,1
2488112,1
2514414,1
2586442,1
2692349,1
2759256,1
2855274,1
2927298,1
3025030,1
3108836,1
3135246,1
3169399,1
3276838,1
3584364,1
3585933,1
3622171,1
3729835,1
3733530,1
3776587,1
3791407,1
3864381,1
4024487,1
4049398,1
4127640,1
4142579,1
4411786,1
4446813,1
4484350,1
4491134,1
4576449,1
4671147,1
4804506,1
4981541,1
5069404,1
5091503,1
5110871,1
5127470,1
5224130,1
5266331,1
5349766,1
5449886,1
5788646,1
6094286,1
6116384,1
6367008,1
6712416,1
6962847,1
7092623,1
7233261,1
7235214,1
7281784,1
7285813,1
7315984,1
7332630,1
7425433,1
7447393,1
7449578,1
7450287,1
7450965,1
7524402,1
7549494,1
7685244,1
7705486,1
1316,1
1410,1
12222,1
19231,1
55747,1
65207,1
71592,1
80689,1
81360,1
85226,1
86578,1
89107,1
117556,1
141277,1
142927,1
157900,1
160158,1
165687,1
176874,1
231788,1
293023,1
323542,1
330860,1
337361,1
361985,1
370133,1
373071,1
408807,1
446972,1
562925,1
625165,1
630895,1
654325,1
661676,1
686834,1
695615,1
704741,1
720892,1
754709,1
757119,1
805227,1
812026,1
840879,1
905425,1
914117,1
923166,1
1007753,1
1071267,1
1085553,1
1145475,1
1160684,1
1187679,1
1545055,1
1563485,1
1735359,1
1833997,1
1848002,1
1866114,1
1880610,1
1910918,1
1953370,1
1956247,1
2038654,1
2179991,1
2231869,1
2319186,1
2374494,1
2561321,1
2565067,1
2657606,1
2736824,1
2838925,1
2858911,1
2885897,1
3015477,1
3115182,1
3143373,1
3164179,1
3235805,1
3266202,1
3327103,1
3340404,1
3621830,1
3694442,1
4054428,1
4099285,1
4103337,1
4118572,1
4118924,1
4230808,1
4443607,1
4617905,1
4717603,1
4856057,1
4868995,1
4871545,1
5005209,1
5024788,1
5197199,1
5272215,1
5473490,1
5499971,1
5603451,1
5876474,1
5967592,1
6081962,1
6387985,1
6746493,1
7023841,1
7261807,1
7307951,1
7363323,1
7428151,1
7441149,1
7544356,1
7549342,1
7665016,1
7699129,1
7713563,1
7716336,1
7825252,1
8132759,1
8189411,1
8379624,1
60,1
5227,1
12754,1
16778,1
29752,1
56669,1
77950,1
83030,1
117425,1
132672,1
133728,1
136443,1
138470,1
166469,1
166950,1
195400,1
196762,1
214844,1
219938,1
243554,1
249076,1
261329,1
272871,1
309877,1
342340,1
410065,1
410679,1
430231,1
445266,1
482590,1
502359,1
618910,1
636901,1
641674,1
645064,1
687024,1
707379,1
716221,1
732792,1
733311,1
743349,1
747617,1
748806,1
764658,1
766924,1
769787,1
867473,1
935934,1
973559,1
986165,1
993245,1
1108775,1
1125361,1
1237476,1
1313230,1
1333370,1
1349192,1
1432769,1
1441108,1
1484111,1
1485579,1
1501544,1
1509787,1
1515929,1
1554919,1
1733871,1
1759338,1
1764270,1
1794197,1
1815530,1
1865037,1
1987150,1
2005988,1
2073672,1
2074579,1
2327562,1
2430428,1
2438993,1
2455453,1
2488291,1
2612332,1
2618547,1
2655836,1
2670492,1
2775895,1
2869672,1
2871129,1
3013915,1
3054095,1
3537328,1
3600090,1
3767335,1
3799434,1
3861465,1
3978771,1
4079349,1
4103064,1
4302825,1
4312618,1
4637369,1
4660854,1
4666537,1
4818135,1
4911702,1
4930932,1
4986176,1
4991585,1
5047564,1
5158094,1
5223688,1
5249494,1
5286783,1
5301019,1
5417455,1
5520448,1
5570511,1
5936472,1
6066247,1
6221739,1
6294581,1
6482768,1
6485561,1
6519472,1
6610822,1
6638517,1
7165285,1
7207004,1
7249827,1
7273798,1
7524794,1
7578131,1
7591511,1
7610825,1
7656515,1
7679066,1
7867255,1
8026545,1
8380936,1
8387227,1
1892,1
3360,1
4932,1
7818,1
10405,1
19072,1
19998,1
42691,1
85665,1
93230,1
113068,1
132752,1
144205,1
147126,1
150364,1
172976,1
204524,1
206122,1
212258,1
215996,1
227223,1
232323,1
262326,1
293951,1
298739,1
308731,1
317646,1
331458,1
371825,1
409507,1
418428,1
441615,1
441945,1
446522,1
447044,1
477103,1
490448,1
605590,1
625130,1
625665,1
674090,1
682963,1
694975,1
698423,1
758214,1
761333,1
765839,1
767384,1
768642,1
769017,1
777728,1
800901,1
805174,1
840287,1
894492,1
960029,1
974015,1
974521,1
976784,1
1033962,1
1035297,1
1083171,1
1091552,1
1094429,1
1121180,1
1151480,1
1187715,1
1225479,1
1235387,1
1284532,1
1287864,1
1339161,1
1381644,1
1384781,1
1501725,1
1560947,1
1715496,1
1721484,1
1755114,1
1810944,1
1837258,1
1945139,1
2084693,1
2104703,1
2116300,1
2122894,1
2168226,1
2247631,1
2293376,1
2372487,1
2423583,1
2582600,1
2628292,1
2709931,1
2869354,1
2959249,1
3093719,1
3188203,1
3260931,1
3397870,1
3400135,1
3408628,1
3475109,1
3502834,1
3579664,1
3652065,1
3688223,1
3762722,1
3875210,1
3957829,1
4126189,1
4390007,1
4438679,1
4853941,1
4951381,1
5132419,1
5226365,1
5758259,1
5776926,1
5872911,1
5894070,1
5964768,1
6200124,1
6325940,1
6417967,1
6476771,1
6485580,1
6884754,1
6968532,1
7087239,1
7096379,1
7244115,1
7253543,1
7298170,1
7320623,1
7438860,1
7507473,1
7543179,1
7676994,1
7735223,1
7914304,1
8059987,1
8067407,1
8077932,1
8179639,1
8195179,1
1873,1
19964,1
32294,1
39473,1
78468,1
84438,1
100649,1
109192,1
128064,1
133535,1
137372,1
141712,1
143892,1
147284,1
175910,1
181432,1
207609,1
224473,1
232010,1
310873,1
310997,1
324763,1
338809,1
391000,1
424057,1
438228,1
505835,1
508140,1
528709,1
564044,1
596926,1
625460,1
640322,1
677532,1
732422,1
751250,1
763498,1
764376,1
768421,1
884929,1
932490,1
942764,1
1011108,1
1243069,1
1322677,1
1323032,1
1343400,1
1487558,1
1527419,1
1547276,1
1568909,1
1844580,1
1903985,1
1979939,1
2076035,1
2429372,1
2448589,1
2505750,1
2670575,1
2777051,1
3073772,1
3235552,1
3265644,1
3276997,1
3366692,1
3397407,1
3454335,1
3560391,1
3643425,1
3805780,1
3878615,1
4085612,1
4117021,1
4191702,1
4319531,1
4446072,1
4485248,1
4540893,1
5026407,1
5077214,1
5124070,1
5173336,1
5539332,1
5659985,1
5851966,1
6030271,1
6646655,1
7103537,1
7165116,1
7222893,1
7227473,1
7338236,1
7352541,1
7680804,1
7684287,1
8047494,1
4556,1
25810,1
47983,1
56134,1
79464,1
130684,1
174374,1
176679,1
179741,1
243254,1
248644,1
412998,1
485256,1
577973,1
647108,1
659029,1
702319,1
762930,1
812091,1
973918,1
984152,1
1215105,1
1237522,1
1277318,1
1321150,1
1588605,1
1721035,1
1740989,1
1791411,1
2221239,1
2573447,1
2585524,1
2670541,1
3220349,1
3637941,1
4381128,1
4494943,1
4746363,1
4965713,1
5235618,1
5583361,1
5990175,1
7254255,1
7359686,1
7495166,1
7959334,1
8407350,1
8441513,1
44520,1
203579,1
213471,1
262893,1
536717,1
782110,1
1285781,1
1563496,1
1595795,1
1603635,1
1713279,1
2229311,1
3642050,1
4095395,1
4102250,1
5588112,1
6496168,1
8021242,1
25404,1
92700,1
258390,1
769760,1
1526718,1
8110583,1
613597,1
6921258,1
7285253,1
39823,1
61922,1
107005,1
144358,1
213765,1
252450,1
259283,1
276633,1
291845,1
343730,1
393251,1
407834,1
508214,1
552644,1
592367,1
603679,1
605335,1
646488,1
671522,1
705879,1
729923,1
731777,1
758058,1
778990,1
784157,1
813123,1
814233,1
828509,1
873848,1
908616,1
1086588,1
1116896,1
1159608,1
1275989,1
1327442,1
1355872,1
1417366,1
1463713,1
1497001,1
1526277,1
1719401,1
1778466,1
1899927,1
1900046,1
1918391,1
2253463,1
2268808,1
2353695,1
2496475,1
2521763,1
2574218,1
2959084,1
2964508,1
3109346,1
3118615,1
3119582,1
3146876,1
3409747,1
3428967,1
3611298,1
3661580,1
3665350,1
3668968,1
3714511,1
3972505,1
4059846,1
4140774,1
4160047,1
4176671,1
4344115,1
4524117,1
4990726,1
5016442,1
5435164,1
5563346,1
5978043,1
6214993,1
6641083,1
6681761,1
6718459,1
6775526,1
7087265,1
7129735,1
7223637,1
7283819,1
7292741,1
7317652,1
7376655,1
7392074,1
7409318,1
7427971,1
7443898,1
7497091,1
7541063,1
7557639,1
7565510,1
7752340,1
7809505,1
7906666,1
7937667,1
8269364,1
8298101,1
1098,1
9699,1
12466,1
57163,1
59871,1
62433,1
82801,1
86099,1
132533,1
136442,1
158272,1
185698,1
206704,1
229582,1
252801,1
294874,1
316732,1
344363,1
363821,1
368632,1
396553,1
411182,1
448225,1
463076,1
502810,1
623451,1
671410,1
674934,1
697313,1
718604,1
748201,1
782075,1
920605,1
938348,1
943995,1
947081,1
947125,1
968302,1
1010585,1
1054691,1
1070053,1
1095503,1
1115653,1
1122816,1
1161595,1
1166841,1
1176705,1
1338522,1
1363127,1
1387410,1
1482867,1
1560130,1
1656361,1
1665657,1
1764701,1
1910886,1
1929041,1
1981552,1
1992060,1
2035998,1
2325306,1
2514417,1
2902917,1
2960401,1
3022674,1
3026340,1
3108255,1
3165377,1
3174204,1
3201429,1
3218405,1
3225018,1
3252468,1
3429659,1
3475703,1
3533758,1
3566283,1
3690544,1
3812735,1
3877805,1
4319602,1
4382202,1
4407903,1
4675004,1
4947329,1
4977586,1
5082843,1
5247526,1
5325286,1
5540605,1
5550688,1
5586694,1
5605217,1
5728376,1
5836681,1
5982392,1
6119811,1
6168883,1
6506288,1
6594990,1
6940256,1
7079971,1
7229766,1
7252203,1
7257480,1
7264258,1
7279246,1
7366172,1
7373994,1
7452795,1
7512541,1
7519034,1
7535552,1
7672809,1
7749875,1
7755380,1
7781205,1
7971224,1
7979541,1
8064290,1
8075811,1
8138004,1
8173260,1
8268449,1
8508452,1
29751,1
93708,1
119345,1
131520,1
135836,1
150362,1
158030,1
175668,1
184194,1
192192,1
214842,1
215552,1
216817,1
234648,1
280571,1
337367,1
396551,1
488260,1
495449,1
566760,1
635285,1
653252,1
702223,1
719917,1
761165,1
769204,1
798011,1
959304,1
1003578,1
1083746,1
1084406,1
1092731,1
1325634,1
1397415,1
1589997,1
1604589,1
1627776,1
1771157,1
1777468,1
1783470,1
1784728,1
1829563,1
1910011,1
1962292,1
2004637,1
2076014,1
2128303,1
2268178,1
2269406,1
2272422,1
2306534,1
2327208,1
2344065,1
2471504,1
2490765,1
2508954,1
2916204,1
2946035,1
3211541,1
3266193,1
3300506,1
3372632,1
3477343,1
3588789,1
3632414,1
3827886,1
3907068,1
3924302,1
3972530,1
4063971,1
4086108,1
4116862,1
4364247,1
4389967,1
4443593,1
4470854,1
4540676,1
4586041,1
4642566,1
4659474,1
4995940,1
4996128,1
5289993,1
5294545,1
5338159,1
5408981,1
5539988,1
5681600,1
5835106,1
5944419,1
6044236,1
6216040,1
6412554,1
6471641,1
6826689,1
7045430,1
7069774,1
7070055,1
7214356,1
7236008,1
7250655,1
7261801,1
7286883,1
7287933,1
7310867,1
7360478,1
7397124,1
7421338,1
7427948,1
7428420,1
7446264,1
7541861,1
7640801,1
7755919,1
7902704,1
7933194,1
8119292,1
8190743,1
8249130,1
8323221,1
9191,1
11310,1
19994,1
20306,1
22114,1
38372,1
52180,1
56794,1
158051,1
171896,1
182353,1
197672,1
216479,1
291303,1
303062,1
441942,1
447039,1
562895,1
614233,1
617667,1
645803,1
647603,1
677422,1
686050,1
705378,1
721251,1
734241,1
746507,1
769008,1
882067,1
955438,1
1121250,1
1207164,1
1266956,1
1331496,1
1342310,1
1346492,1
1350323,1
1353977,1
1366483,1
1384802,1
1393799,1
1403968,1
1518885,1
1572559,1
1590548,1
1641321,1
1654046,1
1678888,1
1691076,1
1709710,1
1725928,1
1853113,1
1871240,1
1914765,1
2027542,1
2035661,1
2182573,1
2218382,1
2262531,1
2293371,1
2298889,1
2502417,1
2554385,1
2555726,1
2611642,1
2685060,1
2963109,1
3013894,1
3039894,1
3054061,1
3144104,1
3239788,1
3325693,1
3374885,1
3378316,1
3405936,1
3443443,1
3459192,1
3472525,1
3535718,1
3607314,1
3622308,1
3725131,1
3964925,1
4041260,1
4087215,1
4120557,1
4132199,1
4166735,1
4455179,1
4911759,1
4950383,1
5223124,1
5352173,1
5502198,1
5703584,1
5776928,1
5857368,1
6173622,1
6253414,1
6542766,1
6786782,1
7040120,1
7257674,1
7284888,1
7293087,1
7314502,1
7423253,1
7426716,1
7452475,1
7468330,1
7482823,1
7565313,1
7665334,1
7820084,1
7853957,1
8004275,1
8108395,1
8199862,1
8261485,1
726,1
28142,1
67837,1
73957,1
93234,1
105415,1
141389,1
157674,1
159188,1
167129,1
173047,1
187955,1
201474,1
205182,1
212563,1
213875,1
215043,1
228805,1
259931,1
267383,1
271789,1
272620,1
296447,1
304360,1
330454,1
384094,1
408565,1
424796,1
494150,1
508472,1
518633,1
593521,1
645066,1
647104,1
655952,1
661014,1
698500,1
701988,1
744334,1
753112,1
762387,1
915729,1
1006475,1
1009533,1
1034181,1
1157318,1
1178203,1
1339417,1
1339437,1
1351969,1
1372331,1
1527417,1
1637707,1
1705872,1
1799195,1
1848885,1
1866899,1
1911036,1
2005989,1
2202754,1
2220641,1
2229441,1
2306210,1
2401185,1
2465507,1
2501659,1
2629719,1
2643980,1
2682042,1
2842018,1
2913250,1
2989908,1
3014734,1
3184268,1
3336581,1
3579178,1
3711592,1
3726980,1
3734999,1
3782765,1
3787100,1
4371395,1
4589846,1
4630513,1
4645603,1
4663730,1
4700934,1
4744684,1
5014638,1
5046937,1
5330350,1
5908184,1
6049577,1
6670332,1
6679296,1
7045187,1
7108796,1
7308387,1
7320624,1
7374921,1
7388985,1
7500823,1
7506184,1
7856488,1
7974308,1
7988143,1
8025552,1
8329731,1
223,1
82557,1
84443,1
115306,1
119622,1
130407,1
153861,1
195237,1
196650,1
213475,1
224934,1
336084,1
391003,1
401038,1
406417,1
495406,1
590414,1
611152,1
622221,1
632260,1
661612,1
681398,1
857939,1
898247,1
955893,1
973729,1
973924,1
978888,1
979943,1
1013734,1
1026274,1
1030561,1
1214163,1
1313240,1
1383154,1
1410725,1
1450088,1
1777229,1
1905344,1
1930090,1
1957180,1
2010646,1
2060689,1
2345857,1
2493061,1
2559514,1
2573552,1
2927932,1
3030588,1
3060356,1
3137039,1
3449956,1
3525611,1
3572043,1
4258879,1
4442378,1
4747051,1
5625413,1
5727930,1
5851980,1
6031074,1
6047121,1
6072187,1
6320998,1
6602015,1
6707457,1
6727463,1
7103543,1
7215152,1
7275384,1
7294823,1
7338226,1
7412111,1
7445640,1
7520548,1
7789896,1
7949332,1
8028140,1
8075259,1
8324990,1
11555,1
328769,1
377198,1
662747,1
684068,1
749452,1
972556,1
1109496,1
1346634,1
1406708,1
1748811,1
2113235,1
2209364,1
2229320,1
2377349,1
2500725,1
2587659,1
2775949,1
3019776,1
4351206,1
4405765,1
4604433,1
4736737,1
5569744,1
6475899,1
7359426,1
7508546,1
7921957,1
112702,1
638182,1
971331,1
1557490,1
1682069,1
2616985,1
3004105,1
3344911,1
4102304,1
4598372,1
7257487,1
7446353,1
7480238,1
7503747,1
7658342,1
7904533,1
272717,1
2331577,1
532611,1
7260231,1
8603374,1
7064588,1
7520359,1
7757383,1
8278394,1
3224612,1
3672235,1
5290296,1
5648646,1
5713149,1
6931310,1
7720408,1
8690474,1
3796795,1
4793196,1
3391057,1
3933220,1
3991669,1
5769469,1
8588640,1
2103696,1
2738618,1
3777114,1
4784960,1
6273166,1
8613784,1
3041999,1
789317,1
4824280,1
6034861,1
6337267,1
7457953,1
7498288,1
7797492,1
7833156,1
8074679,1
8465929,1
8625419,1
24383,1
137418,1
427061,1
860205,1
1511503,1
5355249,1
6590377,1
7586314,1
7601478,1
7746585,1
8099415,1
8430667,1
8603183,1
8606158,1
8639933,1
24317,1
728888,1
871631,1
1699354,1
1807363,1
4865430,1
4874823,1
7213440,1
7583275,1
8556793,1
8622381,1
8702603,1
2714538,1
1482562,1
1942857,1
5293697,1
5729879,1
5797431,1
6699430,1
8484693,1
1644177,1
3740575,1
4156836,1
5015897,1
5174576,1
5246486,1
5305516,1
7107713,1
7536257,1
7579716,1
8207143,1
8529528,1
8536416,1
8568498,1
8624217,1
40400,1
1638593,1
1774801,1
1800840,1
2049387,1
2451059,1
4631378,1
5265058,1
5569279,1
5881433,1
6388725,1
7068160,1
7583323,1
203861,1
211402,1
413821,1
651184,1
979720,1
1114132,1
1157009,1
2316209,1
3559496,1
3825356,1
4113683,1
4544099,1
5393215,1
7148437,1
7745809,1
8587035,1
8694650,1
97102,1
525364,1
544728,1
848789,1
855935,1
1456538,1
2001546,1
2082430,1
2313533,1
3221580,1
4077977,1
4141422,1
4476839,1
4621371,1
5376785,1
6373050,1
7284231,1
7807993,1
8202520,1
8386196,1
41963,1
69612,1
135134,1
266534,1
1012153,1
2469066,1
2503141,1
2538091,1
2583741,1
2927593,1
3624829,1
3836986,1
3840199,1
3931144,1
5198183,1
5350148,1
8117337,1
8144214,1
8698010,1
73792,1
120429,1
154102,1
169312,1
171654,1
227433,1
228621,1
233673,1
717067,1
1006640,1
1231010,1
1291307,1
1377026,1
1410929,1
1617347,1
1624580,1
1815015,1
1902216,1
2721012,1
2978299,1
3700513,1
4158712,1
7515652,1
8485556,1
8579771,1
8586213,1
8603159,1
118760,1
213153,1
247616,1
258026,1
277067,1
303802,1
602157,1
733277,1
828555,1
1028288,1
1815070,1
2416374,1
2821274,1
3033608,1
3537543,1
3709123,1
3776022,1
4098499,1
4557438,1
5403853,1
5576134,1
5606551,1
5778411,1
5884383,1
7157465,1
7455332,1
113555,1
549681,1
756728,1
1098541,1
1356291,1
1420549,1
3375916,1
3591482,1
4877091,1
7369307,1
8373239,1
8720144,1
61044,1
203296,1
714678,1
3001636,1
4133368,1
7044147,1
7908470,1
48520,1
146550,1
351137,1
4164123,1
83999,1
8609809,1
3069494,1
123318,1
952671,1
1040638,1
1110246,1
1197524,1
3327634,1
4113677,1
4113870,1
4909163,1
6041078,1
7572063,1
8455665,1
8637313,1
137226,1
219107,1
256772,1
289873,1
359999,1
473406,1
617109,1
789086,1
892716,1
2193112,1
2821280,1
3063958,1
3296607,1
4100720,1
6299742,1
7353983,1
7786377,1
8443901,1
8567811,1
8600386,1
8614156,1
112732,1
130246,1
1510081,1
1696514,1
1903695,1
2188977,1
2686241,1
2910295,1
3239270,1
5073634,1
5536078,1
6289074,1
7082911,1
8584747,1
191643,1
201835,1
204807,1
400070,1
420829,1
903826,1
1355110,1
1420221,1
1596891,1
1616113,1
1890074,1
2152631,1
2416365,1
2924093,1
5393736,1
7254168,1
7874866,1
8238330,1
8544639,1
8570569,1
8611659,1
249488,1
380564,1
637501,1
1166572,1
1710170,1
2291251,1
2555297,1
2800432,1
2863922,1
2959000,1
3743305,1
3930304,1
3949121,1
5209700,1
5216573,1
5606459,1
5698735,1
7392769,1
8607316,1
414306,1
554060,1
1163655,1
1603903,1
3451799,1
3517762,1
4962296,1
7568996,1
8643755,1
8702434,1
8720131,1
70979,1
131362,1
203287,1
2722417,1
4293567,1
621111,1
212109,1
1896249,1
8664240,1
8664262,1
4418118,1
8669730,1
108561,1
134262,1
7248041,1
4978647,1
7729556,1
6979455,1
2741185,1
8208370,1
2374260,1
508149,1
4096213,1
3338643,1
3274109,1
2595477,1
1418848,1
554301,1
4871863,1
4526331,1
5412081,1
5520695,1
8669099,1
2082337,1
384963,1
3670305,1
5665223,1
1900207,1
7297603,1
3764005,1
7733173,1
2242628,1
8661357,1
473509,1
911535,1
1140980,1
5520628,1
5276717,1
7374525,1
5276701,1
7135200,1
6750411,1
7983283,1
2504277,1
5663678,1
7304928,1
4385594,1
3311359,1
3530348,1
8627455,1
2438694,1
8684602,1
7980249,1
3372070,1
7120896,1
3308216,1
8328082,1
5488652,1
8688165,1
5366819,1
2130512,1
669028,1
5219275,1
5065049,1
5178308,1
1340860,1
2184443,1
5048675,1
6255039,1
2465139,1
4871316,1
7570660,1
674295,1
2996667,1
4060735,1
8680367,1
5276680,1
1268992,1
228073,1
7673377,1
6184249,1
4930982,1
1644438,1
1326441,1
1265297,1
7879774,1